{"country":"United States","estYear":"1989","name":"Virginia Western Community College","web_page":"http://virginiawestern.edu/","domain":"virginiawestern.edu","alpha_two_code":"US"}
{"country":"United States","estYear":"1996","name":"Wytheville Community College","web_page":"http://www.wcc.vccs.edu","domain":"wcc.vccs.edu","alpha_two_code":"US"}
{"country":"United States","estYear":"1978","name":"Bates Technical College","web_page":"http://www.bates.ctc.edu/","domain":"bates.ctc.edu","alpha_two_code":"US"}
{"country":"United States","estYear":"1979","name":"Bellingham Technical College","web_page":"http://www.btc.ctc.edu","domain":"btc.ctc.edu","alpha_two_code":"US"}
{"country":"United States","estYear":"1989","name":"Big Bend Community College","web_page":"http://www.bigbend.edu","domain":"bigbend.edu","alpha_two_code":"US"}
{"country":"United States","estYear":"1970","name":"Cascadia Community College","web_page":"http://www.cascadia.edu","domain":"cascadia.edu","alpha_two_code":"US"}
{"country":"United States","estYear":"1991","name":"Clark College","web_page":"http://www.clark.edu","domain":"clark.edu","alpha_two_code":"US"}
{"country":"United States","estYear":"1994","name":"Clover Park Technical College","web_page":"http://www.cptc.edu","domain":"cptc.edu","alpha_two_code":"US"}
{"country":"United States","estYear":"1980","name":"Edmonds Community College","web_page":"http://www.edcc.edu","domain":"edcc.edu","alpha_two_code":"US"}
{"country":"United States","estYear":"1988","name":"Everett Community College","web_page":"http://www.everettcc.edu","domain":"everettcc.edu","alpha_two_code":"US"}
{"country":"United States","estYear":"1995","name":"Grays Harbor College","web_page":"http://www.ghc.edu","domain":"ghc.edu","alpha_two_code":"US"}
{"country":"United States","estYear":"2000","name":"Green River Community College","web_page":"http://www.greenriver.edu/","domain":"greenriver.edu","alpha_two_code":"US"}
{"country":"United States","estYear":"1987","name":"Highline Community College","web_page":"http://www.highline.edu","domain":"highline.edu","alpha_two_code":"US"}
{"country":"United States","estYear":"1998","name":"Lower Columbia College","web_page":"http://lowercolumbia.edu","domain":"lowercolumbia.edu","alpha_two_code":"US"}
{"country":"United States","estYear":"1971","name":"Pierce College at Puyallup","web_page":"http://www.pierce.ctc.edu/","domain":"pierce.ctc.edu","alpha_two_code":"US"}
{"country":"United States","estYear":"1976","name":"Renton Technical College","web_page":"http://www.rtc.edu","domain":"rtc.edu","alpha_two_code":"US"}
{"country":"United States","estYear":"1983","name":"Shoreline Community College","web_page":"http://www.shoreline.edu","domain":"shoreline.edu","alpha_two_code":"US"}
{"country":"United States","estYear":"1975","name":"Skagit Valley College","web_page":"http://www.skagit.edu","domain":"skagit.edu","alpha_two_code":"US"}
{"country":"United States","estYear":"1973","name":"South Puget Sound Community College","web_page":"http://www.spscc.ctc.edu","domain":"spscc.ctc.edu","alpha_two_code":"US"}
{"country":"United States","estYear":"1990","name":"Spokane Community College","web_page":"http://www.scc.spokane.edu","domain":"scc.spokane.edu","alpha_two_code":"US"}
{"country":"United States","estYear":"1973","name":"Spokane Falls Community College","web_page":"http://www.spokanefalls.edu","domain":"spokanefalls.edu","alpha_two_code":"US"}
{"country":"United States","estYear":"1986","name":"Tacoma Community College","web_page":"http://www.tacomacc.edu","domain":"tacomacc.edu","alpha_two_code":"US"}
{"country":"United States","estYear":"1985","name":"Walla Walla Community College","web_page":"http://www.wwcc.edu/","domain":"wwcc.edu","alpha_two_code":"US"}
{"country":"United States","estYear":"1993","name":"Wenatchee Valley College","web_page":"http://www.wvc.edu","domain":"wvc.edu","alpha_two_code":"US"}
{"country":"United States","estYear":"1985","name":"Whatcom Community College","web_page":"http://www.whatcom.ctc.edu","domain":"whatcom.ctc.edu","alpha_two_code":"US"}
{"country":"United States","estYear":"1974","name":"Yakima Valley Community College","web_page":"http://www.yvcc.edu","domain":"yvcc.edu","alpha_two_code":"US"}
{"country":"United States","estYear":"1981","name":"Blue Ridge Community and Technical College","web_page":"http://www.blueridgectc.edu/","domain":"blueridgectc.edu","alpha_two_code":"US"}
{"country":"United States","estYear":"1982","name":"Bridgemont Community and Technical College","web_page":"http://www.bridgemont.edu","domain":"bridgemont.edu","alpha_two_code":"US"}
{"country":"United States","estYear":"1971","name":"Eastern West Virginia Community and Technical College","web_page":"http://www.Eastern.wvnet.edu","domain":"eastern.wvnet.edu","alpha_two_code":"US"}
{"country":"United States","estYear":"1996","name":"Huntington Junior College","web_page":"http://www.huntingtonjuniorcollege.edu","domain":"huntingtonjuniorcollege.edu","alpha_two_code":"US"}
{"country":"United States","estYear":"1975","name":"Kanawha Valley Community and Technical College","web_page":"http://www.kvctc.edu","domain":"kvctc.edu","alpha_two_code":"US"}
{"country":"United States","estYear":"1979","name":"Mountwest Community and Technical College","web_page":"http://www.mctc.edu","domain":"mctc.edu","alpha_two_code":"US"}
{"country":"United States","estYear":"1973","name":"New River Community and Technical College","web_page":"http://www.newriver.edu","domain":"newriver.edu","alpha_two_code":"US"}
{"country":"United States","estYear":"1991","name":"Pierpont Community and Technical College","web_page":"http://www.pierpont.edu/","domain":"pierpont.edu","alpha_two_code":"US"}
{"country":"United States","estYear":"1981","name":"Southern West Virginia Community and Technical College","web_page":"http://www.southernwv.edu","domain":"southernwv.edu","alpha_two_code":"US"}
{"country":"United States","estYear":"1989","name":"West Virginia Northern Community College","web_page":"http://www.wvncc.edu/","domain":"wvncc.edu","alpha_two_code":"US"}
{"country":"United States","estYear":"1983","name":"Blackhawk Technical College","web_page":"http://www.blackhawk.edu","domain":"blackhawk.edu","alpha_two_code":"US"}
{"country":"United States","estYear":"1987","name":"Chippewa Valley Technical College","web_page":"http://www.cvtc.edu","domain":"cvtc.edu","alpha_two_code":"US"}
{"country":"United States","estYear":"1991","name":"Fox Valley Technical College","web_page":"http://www.fvtc.edu","domain":"fvtc.edu","alpha_two_code":"US"}
{"country":"United States","estYear":"1998","name":"Gateway Technical College","web_page":"http://www.gtc.edu","domain":"gtc.edu","alpha_two_code":"US"}
{"country":"United States","estYear":"1996","name":"Lac Courte Oreilles Ojibwa Community College","web_page":"http://www.lco.edu","domain":"lco.edu","alpha_two_code":"US"}
{"country":"United States","estYear":"1979","name":"Lakeshore Technical College","web_page":"http://www.gotoltc.edu","domain":"gotoltc.edu","alpha_two_code":"US"}
{"country":"United States","estYear":"1988","name":"Madison Area Technical College","web_page":"http://madisoncollege.edu","domain":"madisoncollege.edu","alpha_two_code":"US"}
{"country":"United States","estYear":"1984","name":"Mid-​State Technical College","web_page":"http://www.mstc.edu","domain":"mstc.edu","alpha_two_code":"US"}
{"country":"United States","estYear":"1980","name":"Milwaukee Area Technical College","web_page":"http://matc.edu","domain":"matc.edu","alpha_two_code":"US"}
{"country":"United States","estYear":"1993","name":"Moraine Park Technical College","web_page":"http://www.morainepark.edu","domain":"morainepark.edu","alpha_two_code":"US"}
{"country":"United States","estYear":"1973","name":"Nicolet Area Technical College","web_page":"http://www.nicoletcollege.edu","domain":"nicoletcollege.edu","alpha_two_code":"US"}
{"country":"United States","estYear":"1997","name":"Northcentral Technical College","web_page":"http://www.ntc.edu","domain":"ntc.edu","alpha_two_code":"US"}
{"country":"United States","estYear":"1981","name":"Northeast Wisconsin Technical College","web_page":"http://www.nwtc.edu","domain":"nwtc.edu","alpha_two_code":"US"}
{"country":"United States","estYear":"1977","name":"Southwest Wisconsin Technical College","web_page":"http://www.swtc.edu","domain":"swtc.edu","alpha_two_code":"US"}
{"country":"United States","estYear":"1983","name":"University of Wisconsin Colleges","web_page":"http://www.uwc.edu","domain":"uwc.edu","alpha_two_code":"US"}
{"country":"United States","estYear":"1992","name":"Waukesha County Technical College","web_page":"http://www.wctc.edu","domain":"wctc.edu","alpha_two_code":"US"}
{"country":"United States","estYear":"1998","name":"Western Technical College","web_page":"http://www.westerntc.edu","domain":"westerntc.edu","alpha_two_code":"US"}
{"country":"United States","estYear":"1976","name":"Wisconsin Indianhead Technical College","web_page":"http://www.witc.edu","domain":"witc.edu","alpha_two_code":"US"}
{"country":"United States","estYear":"1992","name":"Casper College","web_page":"http://www.caspercollege.edu","domain":"caspercollege.edu","alpha_two_code":"US"}
{"country":"United States","estYear":"1977","name":"Central Wyoming College","web_page":"http://www.cwc.edu/","domain":"cwc.edu","alpha_two_code":"US"}
{"country":"United States","estYear":"1979","name":"Eastern Wyoming College","web_page":"http://ewc.wy.edu","domain":"ewc.wy.edu","alpha_two_code":"US"}
{"country":"United States","estYear":"1983","name":"Laramie County Community College","web_page":"http://www.lccc.wy.edu","domain":"lccc.wy.edu","alpha_two_code":"US"}
{"country":"United States","estYear":"1995","name":"Northwest College","web_page":"http://www.northwestcollege.edu","domain":"northwestcollege.edu","alpha_two_code":"US"}
{"country":"United States","estYear":"1984","name":"Western Wyoming Community College","web_page":"http://www.wwcc.wy.edu","domain":"wwcc.wy.edu","alpha_two_code":"US"}